ID,Product,Brand / line,Price USD,Maximum variant price USD,Categories,Source URL,Image source,Checked
12708,2 Pack Biofad B.B Fairness Cream,Biofad,38.49,38.49,Brightening Creams | Value Packs,https://zairababar.com/product/2-pack-biofad-b-b-fairness-cream/,https://i0.wp.com/zairababar.com/wp-content/uploads/2025/06/biofad-bb-cream.webp?resize=300%2C300&ssl=1,2026-10-03
12608,2 Pack Dermoteen Whitening Cream,Dermoteen,32.28,32.28,Brightening Creams | Value Packs,https://zairababar.com/product/2-pack-dermoteen-whitening-cream/,https://i0.wp.com/zairababar.com/wp-content/uploads/2025/06/2-pak-dermoteen.webp?resize=300%2C300&ssl=1,2026-10-03
12603,2 Pack Eventone C Whitening Cream,Eventone,52.99,52.99,Brightening Creams | Value Packs,https://zairababar.com/product/2-pack-eventone-c-whitening-cream/,https://i0.wp.com/zairababar.com/wp-content/uploads/2025/06/2-Pack-eventone-c-cream.webp?resize=300%2C300&ssl=1,2026-10-03
12731,2 Pack Face Fresh Cleanser Cream,Face Fresh,36.45,36.45,Brightening Creams | Value Packs,https://zairababar.com/product/2-pack-face-fresh-cleanser-cream/,https://i0.wp.com/zairababar.com/wp-content/uploads/2025/06/2-pack-face-fresh.webp?resize=300%2C300&ssl=1,2026-10-03
12613,2 Pack Fair & Pink Glow Whitening Cream,Fair & Pink,43.28,43.28,Brightening Creams | Skin Glow | Value Packs,https://zairababar.com/product/2-pack-fair-pink-glow-whitening-cream/,https://i0.wp.com/zairababar.com/wp-content/uploads/2025/06/2-pack-fair-pink-Glow.webp?resize=300%2C300&ssl=1,2026-10-03
12806,2 Pack Gluta Max 500mg Whitening Capsules,GlutaMax,57.36,57.36,Supplements | Value Packs,https://zairababar.com/product/2-pack-gluta-max-500mg-whitening-capsules/,https://i0.wp.com/zairababar.com/wp-content/uploads/2025/08/gluta-max-capsul-30.webp?resize=300%2C300&ssl=1,2026-10-03
12791,2 Pack Gluta White Sip-C – Vitamin C  Tablets,Gluta White,46.99,46.99,Supplements | Skin Glow | Value Packs,https://zairababar.com/product/2-pack-gluta-white-sip-c-vitamin-c-tablets/,https://i0.wp.com/zairababar.com/wp-content/uploads/2025/08/2-pack-gluta-white-tablets.webp?resize=300%2C300&ssl=1,2026-10-03
12736,2 Pack Jhalak Beauty Cream 30 Gram,Jhalak,35.45,35.45,Brightening Creams | Value Packs,https://zairababar.com/product/2-pack-jhalak-beauty-cream-30-gram/,https://i0.wp.com/zairababar.com/wp-content/uploads/2025/06/2-pack-jhalak-beauty-cream.webp?resize=300%2C300&ssl=1,2026-10-03
12702,2 Pack Maxdif Brightening Cream,Maxdif,50.63,50.63,Brightening Creams | Skin Glow | Value Packs,https://zairababar.com/product/2-pack-maxdif-brightening-cream/,https://i0.wp.com/zairababar.com/wp-content/uploads/2023/02/maxdif-new-images.webp?resize=300%2C300&ssl=1,2026-10-03
12618,2 Pack Melaklyr Plus Anti-Melasma Cream,Melaklyr,46.31,46.31,Brightening Creams | Value Packs,https://zairababar.com/product/2-pack-melaklyr-plus-anti-melasma-cream/,https://i0.wp.com/zairababar.com/wp-content/uploads/2025/06/2-pack-melaklyr-plus.webp?resize=300%2C300&ssl=1,2026-10-03
12574,AIROL LUXURY – SKIN LIGHTENING FACE WASH,Airol,36.45,36.45,Face Wash,https://zairababar.com/product/airol-luxury-skin-lightening-face-wash/,https://i0.wp.com/zairababar.com/wp-content/uploads/2025/05/AIROL-LUXURY-FACE-WASH.webp?resize=300%2C300&ssl=1,2026-10-03
6521,Airol N Face Wash,Airol,27.49,27.49,Face Wash,https://zairababar.com/product/airol-n-face-wash/,https://i0.wp.com/zairababar.com/wp-content/uploads/2025/04/airol-n-acne-face-wash.webp?resize=300%2C300&ssl=1,2026-10-03
7927,ANTI-CRACK MOISTURIZING FOOT CREAM,Other brands,27.49,27.49,Moisturizer,https://zairababar.com/product/anti-crack-moisturizing-foot-cream/,https://i0.wp.com/zairababar.com/wp-content/uploads/2023/09/herbion-anti-crack-foot-cream.webp?resize=300%2C300&ssl=1,2026-10-03
6209,Arena Gold Beauty Cream 20G,Arena Gold,24.36,24.36,Brightening Creams,https://zairababar.com/product/arena-gold-beauty-cream-20g/,https://i0.wp.com/zairababar.com/wp-content/uploads/2023/04/Arena-gold-beauty-cream.webp?resize=300%2C300&ssl=1,2026-10-03
6221,Arena Gold Herbal Beauty Cream 20G,Arena Gold,24.36,24.36,Brightening Creams,https://zairababar.com/product/arena-gold-herbal-beauty-cream-20g/,https://i0.wp.com/zairababar.com/wp-content/uploads/2023/04/ARENA-GOLD-HERBAL-CREAM.webp?resize=300%2C300&ssl=1,2026-10-03
12043,BENZACIDE SOAP – TREAT ACNE OR PIMPLES,Other brands,31.49,31.49,Body Soap,https://zairababar.com/product/benzacide-soap-treat-acne-or-pimples/,https://i0.wp.com/zairababar.com/wp-content/uploads/2025/04/benzacide-soap.webp?resize=300%2C300&ssl=1,2026-10-03
7910,Betnovate – N Cream 20gm,Betnovate,28.49,28.49,Body & Wellness,https://zairababar.com/product/betnovate-n-cream-20gm/,https://i0.wp.com/zairababar.com/wp-content/uploads/2023/09/Betnovate-N-cream.webp?resize=300%2C300&ssl=1,2026-10-03
3212,Biofad – Skin Lightening Cream,Biofad,27.72,27.72,Brightening Creams,https://zairababar.com/product/biofad-skin-lightening-cream/,https://i0.wp.com/zairababar.com/wp-content/uploads/2023/02/biofad-cream-1.webp?resize=300%2C300&ssl=1,2026-10-03
6396,Biofad B.B Fairness Cream SPF 30,Biofad,25.72,25.72,Brightening Creams,https://zairababar.com/product/biofad-b-b-fairness-cream-spf-30/,https://i0.wp.com/zairababar.com/wp-content/uploads/2023/04/BIOFAD-BB-CREAM.webp?resize=300%2C300&ssl=1,2026-10-03
10575,Biofad Ultra Brightening Cream,Biofad,23.49,23.49,Brightening Creams | Skin Glow,https://zairababar.com/product/biofad-ultra-brightening-cream/,https://i0.wp.com/zairababar.com/wp-content/uploads/2024/03/biofad-ultra-cream.webp?resize=300%2C300&ssl=1,2026-10-03
13066,BRIGHTENING COFFEE FACE SCRUB,Other brands,26.14,26.14,Scrubs | Skin Glow,https://zairababar.com/product/brightening-coffee-face-scrub/,https://i0.wp.com/zairababar.com/wp-content/uploads/2025/10/BRIGHTENING-COFFEE-SCRUB.webp?resize=300%2C300&ssl=1,2026-10-03
13155,Brightening Coffee Soap 100gram,Other brands,29.49,29.49,Body Soap | Skin Glow,https://zairababar.com/product/brightening-coffee-soap-100gram/,https://i0.wp.com/zairababar.com/wp-content/uploads/2025/12/1000052060.jpg?resize=300%2C300&ssl=1,2026-10-03
3546,CHANDNI WHITENING CREAM,Chandni,24.36,24.36,Brightening Creams,https://zairababar.com/product/chandni-whitening-cream/,https://i0.wp.com/zairababar.com/wp-content/uploads/2023/03/chandni-whitening-cream.webp?resize=300%2C300&ssl=1,2026-10-03
5022,Chandni Whitening Soap (100g),Chandni,26.27,26.27,Body Soap,https://zairababar.com/product/chandni-whitening-soap-100g/,https://i0.wp.com/zairababar.com/wp-content/uploads/2023/03/chandni-soap-whitening.webp?resize=300%2C300&ssl=1,2026-10-03
9584,DarkOut Skin Brightening Cream,DarkOut,30.6,30.6,Brightening Creams | Skin Glow,https://zairababar.com/product/darkout-skin-brightening-cream/,https://i0.wp.com/zairababar.com/wp-content/uploads/2024/02/Dark-out-Skin-Brightening-Cream-2024.webp?resize=300%2C300&ssl=1,2026-10-03
13360,DERMOTEEN 4NB CREAM,Dermoteen,21.99,21.99,Brightening Creams,https://zairababar.com/product/dermoteen-4nb-cream/,https://i0.wp.com/zairababar.com/wp-content/uploads/2026/04/dermoteen-4nb-cream.webp?resize=300%2C300&ssl=1,2026-10-03
6438,Dermoteen Anti Acne Face wash,Dermoteen,38.63,38.63,Face Wash,https://zairababar.com/product/dermoteen-anti-acne-face-wash/,https://i0.wp.com/zairababar.com/wp-content/uploads/2023/05/DERMOTEEN-FACE-WASH.webp?resize=300%2C300&ssl=1,2026-10-03
2908,Dermoteen Whitening Cream,Dermoteen,28.49,28.49,Brightening Creams,https://zairababar.com/product/dermoteen-whitening-cream/,https://i0.wp.com/zairababar.com/wp-content/uploads/2023/02/dermoteen.webp?resize=300%2C300&ssl=1,2026-10-03
10689,Dermovate – Cream 20 Gram,Dermovate,23.49,23.49,Body & Wellness,https://zairababar.com/product/dermovate-cream-20-gram/,https://i0.wp.com/zairababar.com/wp-content/uploads/2024/04/dermovate-cream.webp?resize=300%2C300&ssl=1,2026-10-03
10693,Dermovate – Ointment 20 Gram,Dermovate,23.49,23.49,Body & Wellness,https://zairababar.com/product/dermovate-ointment-20-gram/,https://i0.wp.com/zairababar.com/wp-content/uploads/2024/04/dermovate-ointment.webp?resize=300%2C300&ssl=1,2026-10-03
8260,DUE BEAUTY CREAM,Due,23.49,23.49,Brightening Creams,https://zairababar.com/product/due-beauty-cream/,https://i0.wp.com/zairababar.com/wp-content/uploads/2023/10/Due-Beauty-Cream-IMAGE-001.webp?resize=300%2C300&ssl=1,2026-10-03
9161,Due Saffron Whitening Face Wash,Due,24.49,24.49,Face Wash,https://zairababar.com/product/due-saffron-whitening-face-wash/,https://i0.wp.com/zairababar.com/wp-content/uploads/2024/01/147001-2.jpg?resize=300%2C300&ssl=1,2026-10-03
9155,Due Whitening Creamy Face Wash,Due,24.49,24.49,Face Wash,https://zairababar.com/product/due-whitening-creamy-face-wash/,https://i0.wp.com/zairababar.com/wp-content/uploads/2024/01/146995.jpg?resize=300%2C300&ssl=1,2026-10-03
6624,EPCEAMA – ANTI AGING SERUM,Epceama,35.82,35.82,Face Serum,https://zairababar.com/product/epceama-anti-aging-serum/,https://i0.wp.com/zairababar.com/wp-content/uploads/2023/05/EPCEAMA-ANTI-AGING-SERUM-001.webp?resize=300%2C300&ssl=1,2026-10-03
3454,Eventone 4 Lightening Face Wash,Eventone,39.63,39.63,Face Wash,https://zairababar.com/product/eventone-4-face-wash/,https://i0.wp.com/zairababar.com/wp-content/uploads/2025/04/eventone-4-face-wash.webp?resize=300%2C300&ssl=1,2026-10-03
6443,Eventone C Body Milk SPF-45,Eventone,49.0,49.0,Moisturizer,https://zairababar.com/product/eventone-c-body-milk-spf-45/,https://i0.wp.com/zairababar.com/wp-content/uploads/2023/05/eventone-c-body-milk-spf-45.webp?resize=300%2C300&ssl=1,2026-10-03
2900,Eventone C Whitening Cream,Eventone,32.49,32.49,Brightening Creams,https://zairababar.com/product/eventone-c-whitening-cream/,https://i0.wp.com/zairababar.com/wp-content/uploads/2023/02/EVENTONE-C-NEW-2026.webp?resize=300%2C300&ssl=1,2026-10-03
9167,Eventone C Whitening Tablet 500mg,Eventone,32.99,32.99,Supplements,https://zairababar.com/product/eventone-c-whitening-tablet-500mg/,https://i0.wp.com/zairababar.com/wp-content/uploads/2024/01/eventone-c-tablet-1.webp?resize=300%2C300&ssl=1,2026-10-03
3424,Face Fresh Cleanser Cream Freckles Removal,Face Fresh,24.72,24.72,Brightening Creams,https://zairababar.com/product/face-fresh-cleanser-cream/,https://i0.wp.com/zairababar.com/wp-content/uploads/2023/02/Face-Fresh-Cleanser-Cream-Large-23gm.webp?resize=300%2C300&ssl=1,2026-10-03
4023,Face Fresh Cleanser Face Wash 60ml,Face Fresh,24.72,24.72,Face Wash,https://zairababar.com/product/face-fresh-cleanser-face-wash-60ml/,https://i0.wp.com/zairababar.com/wp-content/uploads/2025/04/FaceFresh-Cleanser.webp?resize=300%2C300&ssl=1,2026-10-03
3551,Fair & Lovely Crystal Beauty Cream,Fair & Lovely,22.49,22.49,Brightening Creams,https://zairababar.com/product/fair-lovely-crystal-beauty-cream/,https://i0.wp.com/zairababar.com/wp-content/uploads/2023/03/fair-and-lovely-crystal-cream.webp?resize=300%2C300&ssl=1,2026-10-03
12494,FAIR & PINK 24k GOLD CREAM,Fair & Pink,47.99,47.99,Brightening Creams | Skin Glow,https://zairababar.com/product/fair-pink-24k-gold-cream/,https://i0.wp.com/zairababar.com/wp-content/uploads/2025/04/fair-and-pink-gold-cream.webp?resize=300%2C300&ssl=1,2026-10-03
3201,Fair & Pink Glow Whitening Cream,Fair & Pink,28.99,28.99,Brightening Creams | Skin Glow,https://zairababar.com/product/fair-pink-glow-spf30/,https://i0.wp.com/zairababar.com/wp-content/uploads/2023/02/fair-and-pink-glow.webp?resize=300%2C300&ssl=1,2026-10-03
12491,FEMICYD FEMININE WASH,Femicyd,26.99,26.99,Body & Wellness,https://zairababar.com/product/femicyd-feminine-wash/,https://i0.wp.com/zairababar.com/wp-content/uploads/2025/04/FEMICYD-FEMININE-WASH.webp?resize=300%2C300&ssl=1,2026-10-03
9286,GLUTA MAX WHITENING CREAM,GlutaMax,28.49,28.49,Brightening Creams,https://zairababar.com/product/gluta-max-whitening-cream/,https://i0.wp.com/zairababar.com/wp-content/uploads/2024/02/GlutaMax-Whitening-Cream-30g.webp?resize=300%2C300&ssl=1,2026-10-03
12794,Gluta White – Glutathione Whitening Tablets,Gluta White,72.09,72.09,Supplements,https://zairababar.com/product/gluta-white-glutathione-whitening-tablets/,https://i0.wp.com/zairababar.com/wp-content/uploads/2025/08/2-pack-gluta-white-capsul.webp?resize=300%2C300&ssl=1,2026-10-03
12799,Gluta White Glutathione Tablets and Vitamin C,Gluta White,55.36,55.36,Supplements | Skin Glow,https://zairababar.com/product/gluta-white-glutathione-tablets-and-vitamin-c/,https://i0.wp.com/zairababar.com/wp-content/uploads/2025/08/glutathione_ctablet-with-vitamin-c.webp?resize=300%2C300&ssl=1,2026-10-03
12474,Gluta White Sip-C – Vitamin C Skin Whitening,Gluta White,28.49,28.49,Supplements | Skin Glow,https://zairababar.com/product/gluta-white-sip-c-vitamin-c-skin-whitening/,https://i0.wp.com/zairababar.com/wp-content/uploads/2025/04/gluta_white_vitamin-c-tablets.webp?resize=300%2C300&ssl=1,2026-10-03
12471,Gluta White Tablets – Face & Body Whitening,Gluta White,42.49,42.49,Supplements,https://zairababar.com/product/gluta-white-tablets-face-body-whitening/,https://i0.wp.com/zairababar.com/wp-content/uploads/2025/04/gluta_white_tablets.webp?resize=300%2C300&ssl=1,2026-10-03
12477,GlutaMax Whitening Capsules 500mg,GlutaMax,45.49,45.49,Supplements,https://zairababar.com/product/glutamax-whitening-capsules-500mg/,https://i0.wp.com/zairababar.com/wp-content/uploads/2025/04/gluta-white-capsul-30.webp?resize=300%2C300&ssl=1,2026-10-03
11126,GlutaMax Whitening Soap,GlutaMax,35.49,35.49,Body Soap,https://zairababar.com/product/glutamax-whitening-soap/,https://i0.wp.com/zairababar.com/wp-content/uploads/2024/07/gluta-max-soap.webp?resize=300%2C300&ssl=1,2026-10-03
7120,Golden Pearl 24K Gold Skin Serum,Golden Pearl,20.49,20.49,Face Serum | Skin Glow,https://zairababar.com/product/golden-pearl-24k-gold-skin-serum/,https://i0.wp.com/zairababar.com/wp-content/uploads/2023/08/24K-Gold-Serum.webp?resize=300%2C300&ssl=1,2026-10-03
7114,Golden Pearl 3D Skin Serum,Golden Pearl,9.99,9.99,Face Serum,https://zairababar.com/product/golden-pearl-3d-skin-serum/,https://i0.wp.com/zairababar.com/wp-content/uploads/2023/08/3d-serum-golden-pearl.webp?resize=300%2C300&ssl=1,2026-10-03
3565,Golden Pearl Beauty Cream,Golden Pearl,24.36,24.36,Brightening Creams,https://zairababar.com/product/golden-pearl-beauty-cream/,https://i0.wp.com/zairababar.com/wp-content/uploads/2023/03/golden-pear-cream.webp?resize=300%2C300&ssl=1,2026-10-03
4331,Golden Pearl Flawless Face Wash,Golden Pearl,21.99,25.99,Face Wash,https://zairababar.com/product/golden-pearl-flawless-face-wash/,https://i0.wp.com/zairababar.com/wp-content/uploads/2023/10/Golden-Pearl-Flawless-FW-facewash.webp?resize=300%2C300&ssl=1,2026-10-03
8068,Golden Pearl Foaming Face Wash,Golden Pearl,21.99,24.99,Face Wash,https://zairababar.com/product/golden-pearl-foaming-face-wash-150ml/,https://i0.wp.com/zairababar.com/wp-content/uploads/2023/10/Foaming-Face-Wash.webp?resize=300%2C300&ssl=1,2026-10-03
8905,Golden Pearl Light & Glow Face wash,Golden Pearl,22.49,25.49,Face Wash | Skin Glow,https://zairababar.com/product/golden-pearl-light-glow-face-wash/,https://i0.wp.com/zairababar.com/wp-content/uploads/2024/01/Light-Glow-fairness-face-wash.jpg?resize=300%2C300&ssl=1,2026-10-03
4325,Golden Pearl Max Light Men Face Wash,Golden Pearl,21.99,24.99,Face Wash,https://zairababar.com/product/golden-pearl-max-light-men-face-wash/,https://i0.wp.com/zairababar.com/wp-content/uploads/2025/04/men-maxlight-face-wash.webp?resize=300%2C300&ssl=1,2026-10-03
5033,Golden Pearl Oil Control Face Wash,Golden Pearl,21.99,24.99,Face Wash,https://zairababar.com/product/golden-pearl-oil-control-face-wash-150ml/,https://i0.wp.com/zairababar.com/wp-content/uploads/2023/03/Oil-Control-Face-Wash.webp?resize=300%2C300&ssl=1,2026-10-03
5037,Golden Pearl Purifying Neem Face Wash,Golden Pearl,21.99,24.99,Face Wash,https://zairababar.com/product/golden-pearl-purifying-neem-face-wash-150ml/,https://i0.wp.com/zairababar.com/wp-content/uploads/2023/03/Golden-Pearl-Neem-Face-Wash-002.webp?resize=300%2C300&ssl=1,2026-10-03
9712,Golden Pearl Skin Lightening Facial Scrub,Golden Pearl,13.49,13.49,Scrubs,https://zairababar.com/product/golden-pearl-skin-lightening-facial-scrub/,https://i0.wp.com/zairababar.com/wp-content/uploads/2024/03/Skin-Lightening-Facial-Scrub-gpearl.webp?resize=300%2C300&ssl=1,2026-10-03
9720,Golden Pearl Skin Lightening Massage Cream,Golden Pearl,13.49,13.49,Scrubs,https://zairababar.com/product/golden-pearl-skin-lightening-massage-cream/,https://i0.wp.com/zairababar.com/wp-content/uploads/2024/03/Skin-Lightening-Massage-Cream.webp?resize=300%2C300&ssl=1,2026-10-03
8870,Golden Pearl White Beauty Face Wash,Golden Pearl,23.49,25.49,Face Wash,https://zairababar.com/product/golden-pearl-white-beauty-face-wash/,https://i0.wp.com/zairababar.com/wp-content/uploads/2024/01/White-Beauty-01.webp?resize=300%2C300&ssl=1,2026-10-03
8038,Golden Pearl Whitening Soap – Acne & Oily Skin,Golden Pearl,26.49,26.49,Body Soap,https://zairababar.com/product/golden-pearl-whitening-soap-acne-oily-skin/,https://i0.wp.com/zairababar.com/wp-content/uploads/2023/10/Golden-Pearl-ACNE-OILY-001-600x800-1.webp?resize=300%2C300&ssl=1,2026-10-03
8054,Golden Pearl Whitening Soap – Normal Skin,Golden Pearl,26.49,26.49,Body Soap,https://zairababar.com/product/golden-pearl-whitening-soap-normal-skin/,https://i0.wp.com/zairababar.com/wp-content/uploads/2023/10/Godlen-Pearl-Soap-NORMAL-SKIN-001.webp?resize=300%2C300&ssl=1,2026-10-03
8036,Golden Pearl Whitening Soap Moisturizing – Dry Skin,Golden Pearl,26.99,26.99,Body Soap | Moisturizer,https://zairababar.com/product/golden-pearl-whitening-soap-moisturizing-dry-skin/,https://i0.wp.com/zairababar.com/wp-content/uploads/2023/10/Golden-Pearl-DRY-SKIN-001.webp?resize=300%2C300&ssl=1,2026-10-03
7688,GOREE BEAUTY CREAM,Goree,24.99,24.99,Brightening Creams,https://zairababar.com/product/goree-beauty-cream/,https://i0.wp.com/zairababar.com/wp-content/uploads/2023/08/Goree-Beauty-Cream.webp?resize=300%2C300&ssl=1,2026-10-03
4392,Haldi Chandan Beauty Cream For Men,Haldi Chandan,9.49,9.49,Brightening Creams,https://zairababar.com/product/haldi-chandan-beauty-cream-for-men/,https://i0.wp.com/zairababar.com/wp-content/uploads/2023/04/HALDI-AND-CHANDAN-MEN.webp?resize=300%2C300&ssl=1,2026-10-03
4310,Haldi Chandan Beauty Cream For Women,Haldi Chandan,8.49,8.49,Brightening Creams,https://zairababar.com/product/haldi-chandan-beauty-cream/,https://i0.wp.com/zairababar.com/wp-content/uploads/2023/04/HALDI-CHANDAN-WOMEN-e1680599291158.webp?resize=300%2C300&ssl=1,2026-10-03
9601,Hands & Feet Whitening Scrub 50 Gram,Other brands,22.49,22.49,Scrubs,https://zairababar.com/product/hands-feet-whitening-scrub/,https://i0.wp.com/zairababar.com/wp-content/uploads/2024/02/Hands-Feet-Whitening-Scrub-50-G.webp?resize=300%2C300&ssl=1,2026-10-03
7919,HERBION NATURAL SUN BLOCK – SPF 50,Herbion,24.49,24.49,Sunblock,https://zairababar.com/product/herbion-natural-sun-block-spf-50/,https://i0.wp.com/zairababar.com/wp-content/uploads/2025/04/sunblock-flower-50-25.webp?resize=300%2C300&ssl=1,2026-10-03
11562,HOMEO CURE FASTEST BEAUTY CREAM,Homeo Cure,24.49,24.49,Brightening Creams,https://zairababar.com/product/homeo-cure-fastest-beauty-cream/,https://i0.wp.com/zairababar.com/wp-content/uploads/2025/02/HOMEO-CURE-CREAM.webp?resize=300%2C300&ssl=1,2026-10-03
12052,JHALAK – ACNE OUT BEAUTY SOAP,Jhalak,25.49,25.49,Body Soap,https://zairababar.com/product/jhalak-acne-out-beauty-soap/,https://i0.wp.com/zairababar.com/wp-content/uploads/2025/04/Jhalak-Acne-Soap.webp?resize=300%2C300&ssl=1,2026-10-03
4488,Jhalak Beauty Cream 30 Gram,Jhalak,24.72,24.72,Brightening Creams,https://zairababar.com/product/jhalak-beauty-cream-30g/,https://i0.wp.com/zairababar.com/wp-content/uploads/2023/03/JHALAK-BEAUTY-CREAM.webp?resize=300%2C300&ssl=1,2026-10-03
12054,JHALAK BEAUTY SOAP,Jhalak,24.49,24.49,Body Soap,https://zairababar.com/product/jhalak-beauty-soap/,https://i0.wp.com/zairababar.com/wp-content/uploads/2025/04/Jhalak-whitening-Soap.webp?resize=300%2C300&ssl=1,2026-10-03
12059,JHALAK NEEM SOAP 100g,Jhalak,25.49,25.49,Body Soap,https://zairababar.com/product/jhalak-neem-soap-100g/,https://i0.wp.com/zairababar.com/wp-content/uploads/2025/04/Jhalak-Neem-Soap.webp?resize=300%2C300&ssl=1,2026-10-03
12064,JHALAK PREMIUM BEAUTY SOAP,Jhalak,25.49,25.49,Body Soap,https://zairababar.com/product/jhalak-premium-beauty-soap/,https://i0.wp.com/zairababar.com/wp-content/uploads/2025/04/Jhalak-Premium-beauty-Soap.webp?resize=300%2C300&ssl=1,2026-10-03
12062,JHALAK SCRUB SOAP 100g,Jhalak,25.49,25.49,Body Soap,https://zairababar.com/product/jhalak-scrub-soap-100g/,https://i0.wp.com/zairababar.com/wp-content/uploads/2025/04/JHALAK-SCRUB-SOAP.webp?resize=300%2C300&ssl=1,2026-10-03
6633,MANDELAC CREAM 30GM,Mandelac,24.49,24.49,Brightening Creams,https://zairababar.com/product/mandelac-cream-30gm/,https://i0.wp.com/zairababar.com/wp-content/uploads/2023/05/mendalac-cream-001.webp?resize=300%2C300&ssl=1,2026-10-03
6263,MANDELAC FACE WASH CLEANSER 100ml,Mandelac,25.49,25.49,Face Wash,https://zairababar.com/product/mandelac-face-wash-cleanser/,https://i0.wp.com/zairababar.com/wp-content/uploads/2023/02/old-new-packing.webp?resize=300%2C300&ssl=1,2026-10-03
5491,MANDELAC SERUM – 20ml,Mandelac,27.49,27.49,Face Serum,https://zairababar.com/product/mandelac-serum-20ml/,https://i0.wp.com/zairababar.com/wp-content/uploads/2023/05/mandelac-serum-new-packing.webp?resize=300%2C300&ssl=1,2026-10-03
9186,MARVI BEAUTY CREAM,Marvi,23.49,23.49,Brightening Creams,https://zairababar.com/product/marvi-beauty-cream/,https://i0.wp.com/zairababar.com/wp-content/uploads/2024/02/marvi-beauty-cream.webp?resize=300%2C300&ssl=1,2026-10-03
3209,MAXDIF BRIGHTENING CREAM,Maxdif,29.99,29.99,Brightening Creams | Skin Glow,https://zairababar.com/product/maxdif-brightening-cream/,https://i0.wp.com/zairababar.com/wp-content/uploads/2023/02/maxdif-new-images.webp?resize=300%2C300&ssl=1,2026-10-03
9171,Maxdif G Whitening Tablet 500mg,Maxdif,30.18,30.18,Supplements,https://zairababar.com/product/maxdif-g-whitening-tablet-500mg/,https://i0.wp.com/zairababar.com/wp-content/uploads/2024/01/maxdiftab.webp?resize=300%2C300&ssl=1,2026-10-03
6496,MAXDIF SKIN BRIGHTENING SERUM,Maxdif,27.49,27.49,Face Serum | Skin Glow,https://zairababar.com/product/maxdif-skin-brightening-serum/,https://i0.wp.com/zairababar.com/wp-content/uploads/2023/05/MAXDIF-BRIGHTENING-SERUM-NEW-PACKING.webp?resize=300%2C300&ssl=1,2026-10-03
3430,Maxdif Whitening Face Wash,Maxdif,28.49,28.49,Face Wash,https://zairababar.com/product/maxdif-whitening-face-wash/,https://i0.wp.com/zairababar.com/wp-content/uploads/2023/02/facewash-maxdif-new-2026.webp?resize=300%2C300&ssl=1,2026-10-03
3203,Melaklyr Plus Anti-Melasma Cream,Melaklyr,28.11,28.11,Brightening Creams,https://zairababar.com/product/melaklyr-plus-anti-melasma/,https://i0.wp.com/zairababar.com/wp-content/uploads/2023/02/melaklyer-plus.webp?resize=300%2C300&ssl=1,2026-10-03
8265,MEN’S FAIRNESS CREAM 60 GRAM,Other brands,23.99,23.99,Brightening Creams,https://zairababar.com/product/mens-fairness-cream-60-gram/,https://i0.wp.com/zairababar.com/wp-content/uploads/2023/10/MENS-FAIRNESS-CREAM.webp?resize=300%2C300&ssl=1,2026-10-03
6405,MISS WORLD 24K BEAUTY CREAM,Miss World,23.49,23.49,Brightening Creams | Skin Glow,https://zairababar.com/product/miss-world-24k-beauty-cream/,https://i0.wp.com/zairababar.com/wp-content/uploads/2023/04/MissWorldBeautyCream24K.webp?resize=300%2C300&ssl=1,2026-10-03
6402,MISS WORLD BEAUTY CREAM 30 GRAM,Miss World,23.49,23.49,Brightening Creams,https://zairababar.com/product/miss-world-beauty-cream-30-gram/,https://i0.wp.com/zairababar.com/wp-content/uploads/2023/04/Miss-World-Beauty-Cream.webp?resize=300%2C300&ssl=1,2026-10-03
12231,Navia 24K Gold Beauty Cream,Navia,22.49,22.49,Brightening Creams | Skin Glow,https://zairababar.com/product/navia-24k-gold-beauty-cream/,https://i0.wp.com/zairababar.com/wp-content/uploads/2025/04/NAVIA-24K-GOLD-BEAUTY-CREAM.webp?resize=300%2C300&ssl=1,2026-10-03
3206,NAVIA BEAUTY CREAM FOR MEN,Navia,22.49,22.49,Brightening Creams,https://zairababar.com/product/navia-beauty-cream/,https://i0.wp.com/zairababar.com/wp-content/uploads/2023/02/NAVIA-MEN-CREAM.webp?resize=300%2C300&ssl=1,2026-10-03
3204,NAVIA BEAUTY CREAM FOR WOMEN,Navia,22.49,22.49,Brightening Creams,https://zairababar.com/product/navia-beauty-cream-for-women/,https://i0.wp.com/zairababar.com/wp-content/uploads/2023/02/NAVIA-BEAUTY-CREAM-WOMEN.webp?resize=300%2C300&ssl=1,2026-10-03
12260,Navia Beauty Soap – Multi Vitamins,Navia,24.49,24.49,Body Soap,https://zairababar.com/product/navia-beauty-soap-multi-vitamins/,https://i0.wp.com/zairababar.com/wp-content/uploads/2025/04/navia-beauty-soap.webp?resize=300%2C300&ssl=1,2026-10-03
12254,Navia Diamond Beauty Cream,Navia,22.99,22.99,Brightening Creams,https://zairababar.com/product/navia-diamond-beauty-cream/,https://i0.wp.com/zairababar.com/wp-content/uploads/2025/04/Navia-dIAMAND-Beauty-Cream.webp?resize=300%2C300&ssl=1,2026-10-03
11439,NAVIA GLUTA BRIGHT BEAUTY CREAM,Navia,22.49,22.49,Brightening Creams,https://zairababar.com/product/navia-gluta-bright-beauty-cream/,https://i0.wp.com/zairababar.com/wp-content/uploads/2024/12/new-navia-beauty-cream-for-women-2025.webp?resize=300%2C300&ssl=1,2026-10-03
12228,Navia Herbal Beauty Cream,Navia,22.99,22.99,Brightening Creams,https://zairababar.com/product/navia-herbal-beauty-cream/,https://i0.wp.com/zairababar.com/wp-content/uploads/2025/04/navia-herbal-beauty-cream.webp?resize=300%2C300&ssl=1,2026-10-03
12257,Navia Vitamin C Face Wash – 100ML,Navia,27.5,27.5,Face Wash | Skin Glow,https://zairababar.com/product/navia-vitamin-c-face-wash-100ml/,https://i0.wp.com/zairababar.com/wp-content/uploads/2025/04/navia-vitamin-c-face-wash.webp?resize=300%2C300&ssl=1,2026-10-03
12528,OXYWHITE LONDON BEAUTY CREAM,Oxywhite,26.49,26.49,Brightening Creams,https://zairababar.com/product/oxywhite-london-beauty-cream/,https://i0.wp.com/zairababar.com/wp-content/uploads/2025/05/OXYWHITE-BEAUTY-CREAM.webp?resize=300%2C300&ssl=1,2026-10-03
9049,Parley 24k Gold Gleam Beauty Cream Tube,Parley,23.49,23.49,Brightening Creams | Skin Glow,https://zairababar.com/product/parley-24k-gold-gleam-beauty-cream-tube/,https://i0.wp.com/zairababar.com/wp-content/uploads/2024/01/Parley-24K-Gold-Gleam-Beauty-Cream-Tube.webp?resize=300%2C300&ssl=1,2026-10-03
11080,Parley 24K Gold Gleam Beauty Soap,Parley,25.99,25.99,Body Soap | Skin Glow,https://zairababar.com/product/parley-24k-gold-gleam-beauty-soap/,https://i0.wp.com/zairababar.com/wp-content/uploads/2024/07/Parley-24K-Gold-Gleam-Beauty-Soap.webp?resize=300%2C300&ssl=1,2026-10-03
8025,Parley Fairness Creamy Face Wash Honey,Parley,9.49,9.49,Face Wash,https://zairababar.com/product/parley-fairness-creamy-face-wash-honey/,https://i0.wp.com/zairababar.com/wp-content/uploads/2023/09/honey-fairness-face-wash-1.png?resize=300%2C300&ssl=1,2026-10-03
5025,Parley Gold Beauty Face Wash,Parley,25.49,25.49,Face Wash,https://zairababar.com/product/parley-gold-gleam-beauty-face-wash/,https://i0.wp.com/zairababar.com/wp-content/uploads/2023/03/face-wash-parley-1.webp?resize=300%2C300&ssl=1,2026-10-03
4480,Parley Gold Gleam Beauty Cream,Parley,24.49,24.49,Brightening Creams,https://zairababar.com/product/parley-gold-gleam-beauty-cream/,https://i0.wp.com/zairababar.com/wp-content/uploads/2023/03/parley-gold-gleam-cream.webp?resize=300%2C300&ssl=1,2026-10-03
9024,Parley Goldie Beauty Cream,Parley,23.49,23.49,Brightening Creams,https://zairababar.com/product/parley-goldie-beauty-cream/,https://i0.wp.com/zairababar.com/wp-content/uploads/2024/01/parley-goldie-cream-copy.webp?resize=300%2C300&ssl=1,2026-10-03
9016,Parley Goldie Beauty Cream 25gm Tube,Parley,23.49,23.49,Brightening Creams,https://zairababar.com/product/parley-goldie-beauty-cream-25gm-tube/,https://i0.wp.com/zairababar.com/wp-content/uploads/2024/01/Parley-Goldie-Beauty-Cream-25gm-Tube-1.webp?resize=300%2C300&ssl=1,2026-10-03
9009,Parley Herbal Beauty Cream,Parley,24.49,24.49,Brightening Creams,https://zairababar.com/product/parley-herbal-beauty-cream/,https://i0.wp.com/zairababar.com/wp-content/uploads/2024/01/Parley-Herbal-Beauty-Cream-e1706444427821.webp?resize=300%2C300&ssl=1,2026-10-03
3447,Parley No Marks Anti-Marks Cream,Parley,22.49,22.49,Brightening Creams,https://zairababar.com/product/parley-no-marks-cream/,https://i0.wp.com/zairababar.com/wp-content/uploads/2023/02/parley-no-marks-cream.webp?resize=300%2C300&ssl=1,2026-10-03
12541,Parley Nomark Beauty Cream Jar,Parley,25.49,25.49,Brightening Creams,https://zairababar.com/product/parley-nomark-beauty-cream-jar/,https://i0.wp.com/zairababar.com/wp-content/uploads/2025/05/parley-Beauty-Cream-Jar.webp?resize=300%2C300&ssl=1,2026-10-03
12522,PAX BEAUTY CREAM,Pax,26.29,26.29,Brightening Creams,https://zairababar.com/product/pax-beauty-cream/,https://i0.wp.com/zairababar.com/wp-content/uploads/2025/05/pax-beauty-cream.webp?resize=300%2C300&ssl=1,2026-10-03
12525,PAX MEN EXTRA WHITENING CREAM,Pax,26.49,26.49,Brightening Creams,https://zairababar.com/product/pax-men-extra-whitening-cream/,https://i0.wp.com/zairababar.com/wp-content/uploads/2025/05/PAX-MENS-EXTRA-WHITENING-CREAM.webp?resize=300%2C300&ssl=1,2026-10-03
8049,Qarshi Johar Joshanda – Regular (30 sachets),Qarshi,32.49,32.49,Body & Wellness,https://zairababar.com/product/qarshi-johar-joshanda-regular-30-sachets/,https://i0.wp.com/zairababar.com/wp-content/uploads/2023/10/QURSHI.webp?resize=300%2C300&ssl=1,2026-10-03
8839,Qarshi Johar Joshanda Zinc – (30 sachets),Qarshi,32.49,32.49,Body & Wellness,https://zairababar.com/product/qarshi-johar-joshanda-zinc-30-sachets/,https://i0.wp.com/zairababar.com/wp-content/uploads/2024/01/JOSHANDA-ZINC-1.webp?resize=300%2C300&ssl=1,2026-10-03
7715,Rezulin-C Skin Lightening Cream,Rezulin,26.49,26.49,Brightening Creams,https://zairababar.com/product/rezulin-c-skin-lightening-cream/,https://i0.wp.com/zairababar.com/wp-content/uploads/2023/09/Rezulin-C-Skin-Lightning-Cream30Gm.webp?resize=300%2C300&ssl=1,2026-10-03
12548,Rice Brightening Beauty Cream,Other brands,26.49,26.49,Brightening Creams | Skin Glow,https://zairababar.com/product/rice-brightening-beauty-cream/,https://i0.wp.com/zairababar.com/wp-content/uploads/2025/05/bnb-rice-beauty-cream.webp?resize=300%2C300&ssl=1,2026-10-03
9685,Rivaj Aloe Vera Sheet Mask,Rivaj,11.49,11.49,Skin Glow,https://zairababar.com/product/rivaj-aloe-vera-sheet-mask/,https://i0.wp.com/zairababar.com/wp-content/uploads/2024/03/Aloe-Vera-Sheet.webp?resize=300%2C300&ssl=1,2026-10-03
3781,Rivaj Brightening Face Wash – Papaya Extract,Rivaj,24.49,24.49,Face Wash | Skin Glow,https://zairababar.com/product/rivaj-uk-whitening-face-wash-papaya-extract/,https://i0.wp.com/zairababar.com/wp-content/uploads/2023/03/papaya-extract-brightening-face-wash.webp?resize=300%2C300&ssl=1,2026-10-03
9659,Rivaj Brightening Serum Sheet Mask,Rivaj,11.49,11.49,Skin Glow,https://zairababar.com/product/rivaj-brightening-serum-sheet-mask/,https://i0.wp.com/zairababar.com/wp-content/uploads/2024/02/Brightening-Serum-Sheet-Mask-1.webp?resize=300%2C300&ssl=1,2026-10-03
9680,Rivaj Charcoal Sheet Mask,Rivaj,11.49,11.49,Skin Glow,https://zairababar.com/product/rivaj-charcoal-sheet-mask/,https://i0.wp.com/zairababar.com/wp-content/uploads/2024/03/rivaj-charcoal-mask.webp?resize=300%2C300&ssl=1,2026-10-03
9652,Rivaj Glowing Serum Sheet Mask,Rivaj,11.49,11.49,Skin Glow,https://zairababar.com/product/rivaj-glowing-serum-sheet-mask/,https://i0.wp.com/zairababar.com/wp-content/uploads/2024/02/Glowing-Serum-Sheet-Mask.webp?resize=300%2C300&ssl=1,2026-10-03
12036,Rivaj Goat Milk Soap 100g,Rivaj,25.49,25.49,Body Soap,https://zairababar.com/product/rivaj-goat-milk-soap-100g/,https://i0.wp.com/zairababar.com/wp-content/uploads/2025/04/GOAT-MILK-SOAP.webp?resize=300%2C300&ssl=1,2026-10-03
5014,Rivaj Kids Sunblock SPF-50,Rivaj,24.49,24.49,Sunblock,https://zairababar.com/product/rivaj-sunblock-spf50/,https://i0.wp.com/zairababar.com/wp-content/uploads/2023/03/rivaj-kids-subblock-spf-50.webp?resize=300%2C300&ssl=1,2026-10-03
12034,Rivaj Neem Soap 100g,Rivaj,25.49,25.49,Body Soap,https://zairababar.com/product/rivaj-neem-soap-100g/,https://i0.wp.com/zairababar.com/wp-content/uploads/2025/04/RIVAJ-NEEM-SOAP.webp?resize=300%2C300&ssl=1,2026-10-03
12038,Rivaj Turmeric Soap 100g,Rivaj,25.49,25.49,Body Soap,https://zairababar.com/product/rivaj-turmeric-soap-100g/,https://i0.wp.com/zairababar.com/wp-content/uploads/2025/04/TERMARIC-SOAP.webp?resize=300%2C300&ssl=1,2026-10-03
7901,Rivaj UK Sunblock SPF-90,Rivaj,24.49,24.49,Sunblock,https://zairababar.com/product/rivaj-uk-sunblock-spf-90/,https://i0.wp.com/zairababar.com/wp-content/uploads/2025/04/Sunblock90SPF.webp?resize=300%2C300&ssl=1,2026-10-03
3780,Rivaj UK Whitening Face Wash – Black Seed Extract,Rivaj,8.49,8.49,Face Wash,https://zairababar.com/product/rivaj-uk-whitening-face-wash-black-seed-extract/,https://i0.wp.com/zairababar.com/wp-content/uploads/2023/03/BLACK-SEED-RIVAJ-UK-FACE-WASH.webp?resize=300%2C300&ssl=1,2026-10-03
12032,Rivaj UV Whitening Soap 100g,Rivaj,25.49,25.49,Body Soap,https://zairababar.com/product/rivaj-uv-whitening-soap-100g/,https://i0.wp.com/zairababar.com/wp-content/uploads/2025/04/Rivaj-UV-Whitening-Soap.webp?resize=300%2C300&ssl=1,2026-10-03
4315,Rivaj Whitening & Vanishing SunBlock SPF-60,Rivaj,27.49,27.49,Sunblock,https://zairababar.com/product/rivaj-uk-whitening-vanishing-sunblock/,https://i0.wp.com/zairababar.com/wp-content/uploads/2025/04/SunblockSPF60.webp?resize=300%2C300&ssl=1,2026-10-03
5016,Rivaj Whitening Face Wash – Lemon Extract,Rivaj,24.49,24.49,Face Wash,https://zairababar.com/product/rivaj-whitening-face-wash-lemon-extract/,https://i0.wp.com/zairababar.com/wp-content/uploads/2025/04/rovak-lemon-face-wsh.webp?resize=300%2C300&ssl=1,2026-10-03
5472,Rivaj Whitening Face Wash – Neem Extract,Rivaj,24.49,24.49,Face Wash,https://zairababar.com/product/rivaj-whitening-face-wash-neem-extract/,https://i0.wp.com/zairababar.com/wp-content/uploads/2025/04/rivaj-neem-extract-face-wash.webp?resize=300%2C300&ssl=1,2026-10-03
11018,Sandal Beauty Cream,Sandal,23.99,23.99,Brightening Creams,https://zairababar.com/product/sandal-beauty-cream/,https://i0.wp.com/zairababar.com/wp-content/uploads/2024/07/Sandal-Beauty-Cream.webp?resize=300%2C300&ssl=1,2026-10-03
11039,Sandal Herbal Skin Whitening Soap,Sandal,25.99,25.99,Body Soap,https://zairababar.com/product/sandal-herbal-skin-whitening-soap/,https://i0.wp.com/zairababar.com/wp-content/uploads/2025/04/Sanda-Herbal-Whitening-Soap.webp?resize=300%2C300&ssl=1,2026-10-03
3574,Sativa Speed White Beauty Cream,Sativa,24.49,24.49,Brightening Creams,https://zairababar.com/product/sativa-speed-white-beauty-cream/,https://i0.wp.com/zairababar.com/wp-content/uploads/2023/03/sativa-speed-white-cream-1.webp?resize=300%2C300&ssl=1,2026-10-03
3572,Sativa Whitening Cream,Sativa,23.49,23.49,Brightening Creams,https://zairababar.com/product/sativa-whitening-cream/,https://i0.wp.com/zairababar.com/wp-content/uploads/2023/03/sativa-beauty-cream.webp?resize=300%2C300&ssl=1,2026-10-03
13438,Sativa Whitening Face Wash,Sativa,23.21,23.21,Face Wash,https://zairababar.com/product/sativa-whitening-face-wash/,https://i0.wp.com/zairababar.com/wp-content/uploads/2026/04/sativa-face-wash.webp?resize=300%2C300&ssl=1,2026-10-03
7685,SIA BEAUTY CREAM,Sia,22.49,22.49,Brightening Creams,https://zairababar.com/product/sia-beauty-cream/,https://i0.wp.com/zairababar.com/wp-content/uploads/2023/09/Sia-Beauty-Cream.webp?resize=300%2C300&ssl=1,2026-10-03
7711,Skin Aqua Moisturizing Serum,Skin Aqua,26.49,26.49,Face Serum | Moisturizer,https://zairababar.com/product/skin-aqua-moisturizing-serum/,https://i0.wp.com/zairababar.com/wp-content/uploads/2023/09/skin-aqua-serum.webp?resize=300%2C300&ssl=1,2026-10-03
8683,Sofner Ultra Hydrating Lotion,Sofner,28.49,28.49,Moisturizer,https://zairababar.com/product/sofner-ultra-hydrating-lotion/,https://i0.wp.com/zairababar.com/wp-content/uploads/2023/12/sofner-Lotion.webp?resize=300%2C300&ssl=1,2026-10-03
5478,Solaris SC Sunscreen Gel SPF-40,Solaris,34.49,34.49,Sunblock,https://zairababar.com/product/solaris-sc-sunscreen-gel-spf-40/,https://i0.wp.com/zairababar.com/wp-content/uploads/2023/03/solaris.webp?resize=300%2C300&ssl=1,2026-10-03
3202,Solaris Ultra Sun Block Cream,Solaris,28.99,28.99,Sunblock,https://zairababar.com/product/solaris-ultra-sun-block/,https://i0.wp.com/zairababar.com/wp-content/uploads/2025/04/solaris-ultra-sunblock.webp?resize=300%2C300&ssl=1,2026-10-03
12047,SOLO PLUS SOAP – SKIN SOFTER AND SMOOTHER,Solo Plus,26.49,26.49,Body Soap,https://zairababar.com/product/solo-plus-soap-skin-softer-and-smoother/,https://i0.wp.com/zairababar.com/wp-content/uploads/2025/04/solo-plus-soap.webp?resize=300%2C300&ssl=1,2026-10-03
5484,SPECTRA BLOCK MAX SPF-100,Spectra,25.49,25.49,Sunblock,https://zairababar.com/product/spectra-block-max-spf-100/,https://i0.wp.com/zairababar.com/wp-content/uploads/2023/03/SPECTRA-BLOCK-MAX-100.webp?resize=300%2C300&ssl=1,2026-10-03
13044,SPECTRA BLOCK SPF 60 SUNBLOCK,Spectra,29.49,29.49,Sunblock,https://zairababar.com/product/spectra-block-spf-60-sunblock/,https://i0.wp.com/zairababar.com/wp-content/uploads/2025/10/SPECTRA-BLOCK-SPF60.webp?resize=300%2C300&ssl=1,2026-10-03
6637,SPECTRA MATT SPF 40 SUNBLOCK,Spectra,26.82,26.82,Sunblock,https://zairababar.com/product/spectra-matt-spf-40-sunblock/,https://i0.wp.com/zairababar.com/wp-content/uploads/2023/05/SPECTRA-MATT-SC-SPF-40.webp?resize=300%2C300&ssl=1,2026-10-03
6863,Stillman’s Fairness Cream,Stillman,26.99,26.99,Brightening Creams,https://zairababar.com/product/stillmans-fairness-cream/,https://i0.wp.com/zairababar.com/wp-content/uploads/2023/06/Stillmans-Cream.webp?resize=300%2C300&ssl=1,2026-10-03
6878,Stillman’s Freckle Cream,Stillman,26.99,26.99,Brightening Creams,https://zairababar.com/product/stillmans-freckle-cream/,https://i0.wp.com/zairababar.com/wp-content/uploads/2023/06/Stillmans-Freckle-Cream.webp?resize=300%2C300&ssl=1,2026-10-03
13689,SUNBLAZE SPF 60 SUNBLOCK CREAM,Sunblaze,22.0,22.0,Sunblock,https://zairababar.com/product/sunblaze-spf-60-sunblock-cream/,https://i0.wp.com/zairababar.com/wp-content/uploads/2026/05/ZIPHARM-sunblock.webp?resize=300%2C300&ssl=1,2026-10-03
5461,U – Veil Fort Sunscreen Cream SPF 60,U – Veil,25.49,25.49,Sunblock,https://zairababar.com/product/u-veil-fort-sunscreen-cream-spf-60/,https://i0.wp.com/zairababar.com/wp-content/uploads/2023/03/U-Veil-Fort-Sunscreen-Cream-2023.webp?resize=300%2C300&ssl=1,2026-10-03
13363,UREALY GEL – BODY AND HAIR CLEANSING GEL,UrealY,24.49,24.49,Body & Wellness,https://zairababar.com/product/urealy-gel-body-and-hair-cleansing-gel/,https://i0.wp.com/zairababar.com/wp-content/uploads/2026/04/UREALY-GEL.webp?resize=300%2C300&ssl=1,2026-10-03
9580,White Balance Cream 20g,White Balance,22.49,22.49,Brightening Creams,https://zairababar.com/product/white-balance-cream-20g/,https://i0.wp.com/zairababar.com/wp-content/uploads/2024/02/Skin-whitening-Basics-cream-2024-1.webp?resize=300%2C300&ssl=1,2026-10-03
9588,White Balance Face Wash,White Balance,23.49,23.49,Face Wash,https://zairababar.com/product/white-balance-face-wash/,https://i0.wp.com/zairababar.com/wp-content/uploads/2024/02/White-balance-Facewash.webp?resize=300%2C300&ssl=1,2026-10-03
7733,WINTOGENO CREAM 50 GRAM,Wintogeno,25.49,25.49,Body & Wellness,https://zairababar.com/product/wintogeno-cream-50-gram/,https://i0.wp.com/zairababar.com/wp-content/uploads/2023/09/WINTOGENO-CREAM-2026.webp?resize=300%2C300&ssl=1,2026-10-03
